Run #1,Run #1,Run #1,Run #1
Date and Time,Time (s),Voltage (V),Voltage (V)
11/18/18 1:29,0,0.137,0.005
11/18/18 1:29,0.2,0.145,0.005
11/18/18 1:29,0.4,0.136,0.005
11/18/18 1:29,0.6,0.146,0.005
11/18/18 1:29,0.8,0.138,0.005
11/18/18 1:29,1,0.135,0.005
11/18/18 1:29,1.2,0.131,0.005
11/18/18 1:29,1.4,0.128,0.005
11/18/18 1:29,1.6,0.137,0.005
11/18/18 1:29,1.8,0.131,0.005
11/18/18 1:29,2,0.131,0.005
11/18/18 1:29,2.2,0.135,0.005
11/18/18 1:29,2.4,0.137,0.005
11/18/18 1:29,2.6,0.121,0.006
11/18/18 1:29,2.8,0.126,0.005
11/18/18 1:29,3,0.127,0.004
11/18/18 1:29,3.2,0.129,0.004
11/18/18 1:29,3.4,0.128,0.005
11/18/18 1:29,3.6,0.129,0.005
11/18/18 1:29,3.8,0.136,0.006
11/18/18 1:29,4,0.131,0.005
11/18/18 1:29,4.2,0.135,0.006
11/18/18 1:29,4.4,0.131,0.005
11/18/18 1:29,4.6,0.135,0.005
11/18/18 1:29,4.8,0.133,0.006
11/18/18 1:29,5,0.129,0.006
11/18/18 1:29,5.2,0.129,0.006
11/18/18 1:29,5.4,0.128,0.005
11/18/18 1:29,5.6,0.131,0.005
11/18/18 1:29,5.8,0.129,0.005
11/18/18 1:29,6,0.122,0.006
11/18/18 1:29,6.2,0.126,0.005
11/18/18 1:29,6.4,0.119,0.005
11/18/18 1:29,6.6,0.131,0.006
11/18/18 1:29,6.8,0.131,0.006
11/18/18 1:29,7,0.129,0.005
11/18/18 1:29,7.2,0.126,0.005
11/18/18 1:29,7.4,0.132,0.005
11/18/18 1:29,7.6,0.17,0.006
11/18/18 1:29,7.8,0.192,0.005
11/18/18 1:29,8,0.209,0.005
11/18/18 1:29,8.2,0.228,0.006
11/18/18 1:29,8.4,0.244,0.007
11/18/18 1:29,8.6,0.261,0.005
11/18/18 1:29,8.8,0.277,0.006
11/18/18 1:29,9,0.29,0.005
11/18/18 1:29,9.2,0.308,0.005
11/18/18 1:29,9.4,0.314,0.006
11/18/18 1:29,9.6,0.319,0.005
11/18/18 1:29,9.8,0.312,0.006
11/18/18 1:29,10,0.313,0.004
11/18/18 1:29,10.2,0.312,0.005
11/18/18 1:29,10.4,0.312,0.005
11/18/18 1:29,10.6,0.317,0.006
11/18/18 1:29,10.8,0.319,0.005
11/18/18 1:29,11,0.315,0.007
11/18/18 1:29,11.2,0.316,0.005
11/18/18 1:29,11.4,0.319,0.006
11/18/18 1:29,11.6,0.315,0.006
11/18/18 1:29,11.8,0.306,0.006
11/18/18 1:29,12,0.3,0.007
11/18/18 1:29,12.2,0.303,0.006
11/18/18 1:29,12.4,0.326,0.007
11/18/18 1:29,12.6,0.327,0.005
11/18/18 1:29,12.8,0.337,0.005
11/18/18 1:29,13,0.334,0.007
11/18/18 1:29,13.2,0.329,0.006
11/18/18 1:29,13.4,0.321,0.005
11/18/18 1:29,13.6,0.311,0.006
11/18/18 1:29,13.8,0.303,0.006
11/18/18 1:29,14,0.322,0.005
11/18/18 1:29,14.2,0.314,0.006
11/18/18 1:29,14.4,0.319,0.006
11/18/18 1:29,14.6,0.331,0.007
11/18/18 1:29,14.8,0.323,0.006
11/18/18 1:29,15,0.317,0.005
11/18/18 1:29,15.2,0.32,0.005
11/18/18 1:29,15.4,0.317,0.005
11/18/18 1:29,15.6,0.305,0.006
11/18/18 1:29,15.8,0.304,0.006
11/18/18 1:29,16,0.315,0.006
11/18/18 1:29,16.2,0.292,0.005
11/18/18 1:29,16.4,0.248,0.006
11/18/18 1:29,16.6,0.217,0.007
11/18/18 1:29,16.8,0.195,0.007
11/18/18 1:30,17,0.18,0.005
11/18/18 1:30,17.2,0.179,0.005
11/18/18 1:30,17.4,0.172,0.006
11/18/18 1:30,17.6,0.166,0.007
11/18/18 1:30,17.8,0.153,0.007
11/18/18 1:30,18,0.15,0.006
11/18/18 1:30,18.2,0.15,0.007
11/18/18 1:30,18.4,0.15,0.005
11/18/18 1:30,18.6,0.145,0.007
11/18/18 1:30,18.8,0.138,0.006
11/18/18 1:30,19,0.142,0.005
11/18/18 1:30,19.2,0.139,0.005
11/18/18 1:30,19.4,0.143,0.006
11/18/18 1:30,19.6,0.139,0.006
11/18/18 1:30,19.8,0.143,0.006
11/18/18 1:30,20,0.139,0.005
11/18/18 1:30,20.2,0.148,0.006
11/18/18 1:30,20.4,0.15,0.005
11/18/18 1:30,20.6,0.145,0.007
11/18/18 1:30,20.8,0.142,0.006
11/18/18 1:30,21,0.136,0.006
11/18/18 1:30,21.2,0.146,0.006
11/18/18 1:30,21.4,0.159,0.005
11/18/18 1:30,21.6,0.151,0.005
11/18/18 1:30,21.8,0.142,0.006
11/18/18 1:30,22,0.156,0.005
11/18/18 1:30,22.2,0.151,0.005
11/18/18 1:30,22.4,0.156,0.005
11/18/18 1:30,22.6,0.156,0.005
11/18/18 1:30,22.8,0.137,0.006
11/18/18 1:30,23,0.134,0.005
11/18/18 1:30,23.2,0.13,0.006
11/18/18 1:30,23.4,0.123,0.005
11/18/18 1:30,23.6,0.126,0.005
11/18/18 1:30,23.8,0.121,0.005
11/18/18 1:30,24,0.117,0.005
11/18/18 1:30,24.2,0.141,0.006
11/18/18 1:30,24.4,0.166,0.005
11/18/18 1:30,24.6,0.154,0.007
11/18/18 1:30,24.8,0.137,0.007
11/18/18 1:30,25,0.14,0.005
11/18/18 1:30,25.2,0.131,0.004
11/18/18 1:30,25.4,0.121,0.005
11/18/18 1:30,25.6,0.121,0.005
11/18/18 1:30,25.8,0.127,0.005
11/18/18 1:30,26,0.129,0.005
11/18/18 1:30,26.2,0.14,0.004
11/18/18 1:30,26.4,0.146,0.004
11/18/18 1:30,26.6,0.146,0.005
11/18/18 1:30,26.8,0.143,0.006
11/18/18 1:30,27,0.137,0.005
11/18/18 1:30,27.2,0.142,0.005
11/18/18 1:30,27.4,0.134,0.005
11/18/18 1:30,27.6,0.126,0.005
11/18/18 1:30,27.8,0.129,0.005
11/18/18 1:30,28,0.132,0.005
11/18/18 1:30,28.2,0.139,0.004
11/18/18 1:30,28.4,0.146,0.005
11/18/18 1:30,28.6,0.153,0.005
11/18/18 1:30,28.8,0.143,0.005
11/18/18 1:30,29,0.142,0.004
11/18/18 1:30,29.2,0.151,0.005
11/18/18 1:30,29.4,0.145,0.005
11/18/18 1:30,29.6,0.143,0.005
11/18/18 1:30,29.8,0.14,0.006
11/18/18 1:30,30,0.137,0.005
11/18/18 1:30,30.2,0.139,0.004
11/18/18 1:30,30.4,0.126,0.005
11/18/18 1:30,30.6,0.126,0.005
11/18/18 1:30,30.8,0.126,0.004
11/18/18 1:30,31,0.143,0.005
11/18/18 1:30,31.2,0.134,0.005
11/18/18 1:30,31.4,0.139,0.005
11/18/18 1:30,31.6,0.154,0.005
11/18/18 1:30,31.8,0.151,0.005
11/18/18 1:30,32,0.156,0.005
11/18/18 1:30,32.2,0.146,0.005
11/18/18 1:30,32.4,0.142,0.004
11/18/18 1:30,32.6,0.146,0.005
11/18/18 1:30,32.8,0.146,0.005
11/18/18 1:30,33,0.15,0.005
11/18/18 1:30,33.2,0.152,0.005
11/18/18 1:30,33.4,0.151,0.004
11/18/18 1:30,33.6,0.136,0.004
11/18/18 1:30,33.8,0.136,0.005
11/18/18 1:30,34,0.128,0.005
11/18/18 1:30,34.2,0.129,0.005
11/18/18 1:30,34.4,0.133,0.005
11/18/18 1:30,34.6,0.134,0.005
11/18/18 1:30,34.8,0.134,0.005
11/18/18 1:30,35,0.132,0.005
11/18/18 1:30,35.2,0.12,0.004
11/18/18 1:30,35.4,0.129,0.005
11/18/18 1:30,35.6,0.117,0.005
11/18/18 1:30,35.8,0.12,0.004
11/18/18 1:30,36,0.123,0.005
11/18/18 1:30,36.2,0.132,0.004
11/18/18 1:30,36.4,0.14,0.005
11/18/18 1:30,36.6,0.142,0.004
11/18/18 1:30,36.8,0.15,0.005
11/18/18 1:30,37,0.157,0.005
11/18/18 1:30,37.2,0.156,0.005
11/18/18 1:30,37.4,0.156,0.005
11/18/18 1:30,37.6,0.155,0.005
11/18/18 1:30,37.8,0.155,0.005
11/18/18 1:30,38,0.146,0.005
11/18/18 1:30,38.2,0.135,0.005
11/18/18 1:30,38.4,0.129,0.004
11/18/18 1:30,38.6,0.124,0.005
11/18/18 1:30,38.8,0.119,0.005
11/18/18 1:30,39,0.116,0.005
11/18/18 1:30,39.2,0.118,0.005
11/18/18 1:30,39.4,0.116,0.006
11/18/18 1:30,39.6,0.107,0.005
11/18/18 1:30,39.8,0.11,0.385
11/18/18 1:30,40,0.132,0.005
11/18/18 1:30,40.2,0.127,0.005
11/18/18 1:30,40.4,0.133,0.005
11/18/18 1:30,40.6,0.129,0.005
11/18/18 1:30,40.8,0.123,0.005
11/18/18 1:30,41,0.12,0.005
11/18/18 1:30,41.2,0.112,0.005
11/18/18 1:30,41.4,0.111,0.005
11/18/18 1:30,41.6,0.114,0.005
11/18/18 1:30,41.8,0.125,0.005
11/18/18 1:30,42,0.132,0.006
11/18/18 1:30,42.2,0.137,0.005
11/18/18 1:30,42.4,0.128,0.006
11/18/18 1:30,42.6,0.132,0.005
11/18/18 1:30,42.8,0.131,0.005
11/18/18 1:30,43,0.126,0.005
11/18/18 1:30,43.2,0.127,0.005
11/18/18 1:30,43.4,0.131,0.006
11/18/18 1:30,43.6,0.131,0.005
11/18/18 1:30,43.8,0.135,0.005
11/18/18 1:30,44,0.137,0.005
11/18/18 1:30,44.2,0.132,0.005
11/18/18 1:30,44.4,0.132,0.005
11/18/18 1:30,44.6,0.136,0.005
11/18/18 1:30,44.8,0.137,0.005
11/18/18 1:30,45,0.137,0.005
11/18/18 1:30,45.2,0.136,0.005
11/18/18 1:30,45.4,0.135,0.005
11/18/18 1:30,45.6,0.126,0.005
11/18/18 1:30,45.8,0.133,0.005
11/18/18 1:30,46,0.146,0.005
11/18/18 1:30,46.2,0.145,0.006
11/18/18 1:30,46.4,0.166,0.005
11/18/18 1:30,46.6,0.161,0.005
11/18/18 1:30,46.8,0.157,0.006
11/18/18 1:30,47,0.168,0.007
11/18/18 1:30,47.2,0.156,0.005
11/18/18 1:30,47.4,0.148,0.005
11/18/18 1:30,47.6,0.135,0.006
11/18/18 1:30,47.8,0.126,0.006
11/18/18 1:30,48,0.135,0.006
11/18/18 1:30,48.2,0.151,0.007
11/18/18 1:30,48.4,0.142,0.007
11/18/18 1:30,48.6,0.151,0.005
11/18/18 1:30,48.8,0.145,0.006
11/18/18 1:30,49,0.136,0.005
11/18/18 1:30,49.2,0.145,0.005
11/18/18 1:30,49.4,0.145,0.006
11/18/18 1:30,49.6,0.137,0.005
11/18/18 1:30,49.8,0.126,0.006
11/18/18 1:30,50,0.123,0.007
11/18/18 1:30,50.2,0.122,0.007
11/18/18 1:30,50.4,0.112,0.005
11/18/18 1:30,50.6,0.112,0.005
11/18/18 1:30,50.8,0.107,0.005
11/18/18 1:30,51,0.107,0.005
11/18/18 1:30,51.2,0.11,0.006
11/18/18 1:30,51.4,0.111,0.007
11/18/18 1:30,51.6,0.122,0.007
11/18/18 1:30,51.8,0.117,0.005
11/18/18 1:30,52,0.112,0.385
11/18/18 1:30,52.2,0.107,0.006
11/18/18 1:30,52.4,0.117,0.007
11/18/18 1:30,52.6,0.121,0.006
11/18/18 1:30,52.8,0.122,0.005
11/18/18 1:30,53,0.129,0.006
11/18/18 1:30,53.2,0.125,0.005
11/18/18 1:30,53.4,0.126,0.005
11/18/18 1:30,53.6,0.137,0.005
11/18/18 1:30,53.8,0.142,0.005
11/18/18 1:30,54,0.145,0.006
11/18/18 1:30,54.2,0.132,0.006
11/18/18 1:30,54.4,0.134,0.006
11/18/18 1:30,54.6,0.145,0.007
11/18/18 1:30,54.8,0.143,0.005
11/18/18 1:30,55,0.135,0.005
11/18/18 1:30,55.2,0.14,0.005
11/18/18 1:30,55.4,0.136,0.006
11/18/18 1:30,55.6,0.123,0.007
11/18/18 1:30,55.8,0.138,0.005
11/18/18 1:30,56,0.142,0.007
11/18/18 1:30,56.2,0.157,0.006
11/18/18 1:30,56.4,0.154,0.006
11/18/18 1:30,56.6,0.149,0.005
11/18/18 1:30,56.8,0.152,0.006
11/18/18 1:30,57,0.156,0.006
11/18/18 1:30,57.2,0.154,0.006
11/18/18 1:30,57.4,0.148,0.007
11/18/18 1:30,57.6,0.145,0.007
11/18/18 1:30,57.8,0.148,0.006
11/18/18 1:30,58,0.146,0.005
11/18/18 1:30,58.2,0.131,0.006
11/18/18 1:30,58.4,0.137,0.006
11/18/18 1:30,58.6,0.131,0.005
11/18/18 1:30,58.8,0.131,0.006
11/18/18 1:30,59,0.125,0.006
11/18/18 1:30,59.2,0.139,0.006
11/18/18 1:30,59.4,0.145,0.005
11/18/18 1:30,59.6,0.147,0.006
11/18/18 1:30,59.8,0.142,0.005
11/18/18 1:30,60,0.131,0.006
11/18/18 1:30,60.2,0.123,0.006
11/18/18 1:30,60.4,0.121,0.005
11/18/18 1:30,60.6,0.117,0.007
11/18/18 1:30,60.8,0.127,0.005
11/18/18 1:30,61,0.144,0.005
11/18/18 1:30,61.2,0.153,0.005
11/18/18 1:30,61.4,0.151,0.005
11/18/18 1:30,61.6,0.143,0.005
11/18/18 1:30,61.8,0.135,0.385
11/18/18 1:30,62,0.135,0.385
11/18/18 1:30,62.2,0.135,0.006
11/18/18 1:30,62.4,0.126,0.005
11/18/18 1:30,62.6,0.121,0.005
11/18/18 1:30,62.8,0.122,0.007
11/18/18 1:30,63,0.145,0.006
11/18/18 1:30,63.2,0.142,0.007
11/18/18 1:30,63.4,0.133,0.006
11/18/18 1:30,63.6,0.141,0.005
11/18/18 1:30,63.8,0.13,0.006
11/18/18 1:30,64,0.135,0.005
11/18/18 1:30,64.2,0.145,0.006
11/18/18 1:30,64.4,0.142,0.005
11/18/18 1:30,64.6,0.128,0.005
11/18/18 1:30,64.8,0.132,0.005
11/18/18 1:30,65,0.132,0.006
11/18/18 1:30,65.2,0.137,0.005
11/18/18 1:30,65.4,0.128,0.006
11/18/18 1:30,65.6,0.136,0.005
11/18/18 1:30,65.8,0.136,0.005
11/18/18 1:30,66,0.128,0.005
11/18/18 1:30,66.2,0.127,0.005
11/18/18 1:30,66.4,0.131,0.005
11/18/18 1:30,66.6,0.137,0.005
11/18/18 1:30,66.8,0.143,0.005
11/18/18 1:30,67,0.156,0.005
11/18/18 1:30,67.2,0.147,0.005
11/18/18 1:30,67.4,0.14,0.005
11/18/18 1:30,67.6,0.131,0.006
11/18/18 1:30,67.8,0.137,0.005
11/18/18 1:30,68,0.138,0.006
11/18/18 1:30,68.2,0.141,0.005
11/18/18 1:30,68.4,0.134,0.005
11/18/18 1:30,68.6,0.134,0.005
11/18/18 1:30,68.8,0.127,0.005
11/18/18 1:30,69,0.135,0.005
11/18/18 1:30,69.2,0.135,0.005
11/18/18 1:30,69.4,0.146,0.005
11/18/18 1:30,69.6,0.146,0.005
11/18/18 1:30,69.8,0.141,0.005
11/18/18 1:30,70,0.135,0.005
11/18/18 1:30,70.2,0.132,0.006
11/18/18 1:30,70.4,0.139,0.006
11/18/18 1:30,70.6,0.135,0.005
11/18/18 1:30,70.8,0.137,0.005
11/18/18 1:30,71,0.142,0.005
11/18/18 1:30,71.2,0.137,0.004
11/18/18 1:30,71.4,0.136,0.005
11/18/18 1:30,71.6,0.125,0.005
11/18/18 1:30,71.8,0.129,0.385
11/18/18 1:30,72,0.139,0.385
11/18/18 1:30,72.2,0.136,0.005
11/18/18 1:30,72.4,0.142,0.005
11/18/18 1:30,72.6,0.143,0.005
11/18/18 1:30,72.8,0.135,0.004
11/18/18 1:30,73,0.141,0.005
11/18/18 1:30,73.2,0.135,0.005
11/18/18 1:30,73.4,0.135,0.004
11/18/18 1:30,73.6,0.137,0.005
11/18/18 1:30,73.8,0.145,0.005
11/18/18 1:30,74,0.135,0.005
11/18/18 1:30,74.2,0.135,0.005
11/18/18 1:30,74.4,0.13,0.004
11/18/18 1:30,74.6,0.129,0.005
11/18/18 1:30,74.8,0.131,0.005
11/18/18 1:30,75,0.131,0.005
11/18/18 1:30,75.2,0.127,0.005
11/18/18 1:30,75.4,0.129,0.005
11/18/18 1:30,75.6,0.129,0.004
11/18/18 1:30,75.8,0.135,0.004
11/18/18 1:30,76,0.135,0.005
11/18/18 1:30,76.2,0.141,0.005
11/18/18 1:30,76.4,0.143,0.005
11/18/18 1:30,76.6,0.151,0.005
11/18/18 1:30,76.8,0.15,0.005
11/18/18 1:31,77,0.154,0.005
11/18/18 1:31,77.2,0.145,0.004
11/18/18 1:31,77.4,0.146,0.005
11/18/18 1:31,77.6,0.145,0.005
11/18/18 1:31,77.8,0.149,0.005
11/18/18 1:31,78,0.147,0.004
11/18/18 1:31,78.2,0.146,0.005
11/18/18 1:31,78.4,0.139,0.005
11/18/18 1:31,78.6,0.144,0.005
11/18/18 1:31,78.8,0.15,0.005
11/18/18 1:31,79,0.15,0.005
11/18/18 1:31,79.2,0.146,0.005
11/18/18 1:31,79.4,0.15,0.005
11/18/18 1:31,79.6,0.156,0.005
11/18/18 1:31,79.8,0.155,0.005
11/18/18 1:31,80,0.149,0.005
11/18/18 1:31,80.2,0.146,0.005
11/18/18 1:31,80.4,0.138,0.005
11/18/18 1:31,80.6,0.134,0.005
11/18/18 1:31,80.8,0.131,0.005
11/18/18 1:31,81,0.117,0.005
11/18/18 1:31,81.2,0.122,0.005
11/18/18 1:31,81.4,0.121,0.005
11/18/18 1:31,81.6,0.139,0.005
11/18/18 1:31,81.8,0.131,0.385
11/18/18 1:31,82,0.125,0.005
11/18/18 1:31,82.2,0.12,0.005
11/18/18 1:31,82.4,0.134,0.005
11/18/18 1:31,82.6,0.137,0.005
11/18/18 1:31,82.8,0.141,0.005
11/18/18 1:31,83,0.142,0.005
11/18/18 1:31,83.2,0.14,0.005
11/18/18 1:31,83.4,0.135,0.005
11/18/18 1:31,83.6,0.142,0.005
11/18/18 1:31,83.8,0.146,0.005
11/18/18 1:31,84,0.154,0.005
11/18/18 1:31,84.2,0.146,0.005
11/18/18 1:31,84.4,0.161,0.005
11/18/18 1:31,84.6,0.155,0.005
11/18/18 1:31,84.8,0.155,0.005
11/18/18 1:31,85,0.181,0.005
11/18/18 1:31,85.2,0.181,0.005
11/18/18 1:31,85.4,0.185,0.005
11/18/18 1:31,85.6,0.186,0.004
11/18/18 1:31,85.8,0.176,0.005
11/18/18 1:31,86,0.18,0.005
11/18/18 1:31,86.2,0.176,0.005
11/18/18 1:31,86.4,0.168,0.005
11/18/18 1:31,86.6,0.165,0.005
11/18/18 1:31,86.8,0.166,0.005
11/18/18 1:31,87,0.176,0.005
11/18/18 1:31,87.2,0.165,0.005
11/18/18 1:31,87.4,0.163,0.005
11/18/18 1:31,87.6,0.163,0.004
11/18/18 1:31,87.8,0.167,0.005
11/18/18 1:31,88,0.169,0.005
11/18/18 1:31,88.2,0.168,0.005
11/18/18 1:31,88.4,0.179,0.005
11/18/18 1:31,88.6,0.186,0.005
11/18/18 1:31,88.8,0.201,0.004
11/18/18 1:31,89,0.208,0.006
11/18/18 1:31,89.2,0.212,0.005
11/18/18 1:31,89.4,0.209,0.005
11/18/18 1:31,89.6,0.209,0.005
11/18/18 1:31,89.8,0.226,0.005
11/18/18 1:31,90,0.228,0.006
11/18/18 1:31,90.2,0.238,0.005
11/18/18 1:31,90.4,0.255,0.005
11/18/18 1:31,90.6,0.273,0.005
11/18/18 1:31,90.8,0.282,0.005
11/18/18 1:31,91,0.321,0.005
11/18/18 1:31,91.2,0.351,0.006
11/18/18 1:31,91.4,0.37,0.005
11/18/18 1:31,91.6,0.396,0.005
11/18/18 1:31,91.8,0.414,0.385
11/18/18 1:31,92,0.45,0.385
11/18/18 1:31,92.2,0.482,0.005
11/18/18 1:31,92.4,0.522,0.006
11/18/18 1:31,92.6,0.552,0.005
11/18/18 1:31,92.8,0.56,0.005
11/18/18 1:31,93,0.576,0.005
11/18/18 1:31,93.2,0.596,0.006
11/18/18 1:31,93.4,0.62,0.005
11/18/18 1:31,93.6,0.624,0.004
11/18/18 1:31,93.8,0.637,0.005
11/18/18 1:31,94,0.624,0.006
11/18/18 1:31,94.2,0.638,0.005
11/18/18 1:31,94.4,0.659,0.005
11/18/18 1:31,94.6,0.668,0.005
11/18/18 1:31,94.8,0.674,0.005
11/18/18 1:31,95,0.673,0.006
11/18/18 1:31,95.2,0.671,0.005
11/18/18 1:31,95.4,0.669,0.005
11/18/18 1:31,95.6,0.672,0.006
11/18/18 1:31,95.8,0.66,0.005
11/18/18 1:31,96,0.668,0.006
11/18/18 1:31,96.2,0.677,0.007
11/18/18 1:31,96.4,0.674,0.005
11/18/18 1:31,96.6,0.683,0.006
11/18/18 1:31,96.8,0.704,0.005
11/18/18 1:31,97,0.735,0.005
11/18/18 1:31,97.2,0.771,0.006
11/18/18 1:31,97.4,0.783,0.005
11/18/18 1:31,97.6,0.798,0.007
11/18/18 1:31,97.8,0.83,0.005
11/18/18 1:31,98,0.859,0.005
11/18/18 1:31,98.2,0.872,0.005
11/18/18 1:31,98.4,0.879,0.005
11/18/18 1:31,98.6,0.901,0.007
11/18/18 1:31,98.8,0.923,0.006
11/18/18 1:31,99,0.944,0.006
11/18/18 1:31,99.2,0.957,0.006
11/18/18 1:31,99.4,0.983,0.005
11/18/18 1:31,99.6,1.016,0.007
11/18/18 1:31,99.8,1.014,0.007
11/18/18 1:31,100,1.033,0.006
11/18/18 1:31,100.2,1.051,0.006
11/18/18 1:31,100.4,1.077,0.007
11/18/18 1:31,100.6,1.113,0.006
11/18/18 1:31,100.8,1.104,0.007
11/18/18 1:31,101,1.118,0.005
11/18/18 1:31,101.2,1.118,0.006
11/18/18 1:31,101.4,1.124,0.006
11/18/18 1:31,101.6,1.136,0.005
11/18/18 1:31,101.8,1.141,0.385
11/18/18 1:31,102,1.133,0.007
11/18/18 1:31,102.2,1.127,0.006
11/18/18 1:31,102.4,1.115,0.006
11/18/18 1:31,102.6,1.086,0.006
11/18/18 1:31,102.8,1.089,0.006
11/18/18 1:31,103,1.069,0.007
11/18/18 1:31,103.2,1.067,0.005
11/18/18 1:31,103.4,1.063,0.007
11/18/18 1:31,103.6,1.059,0.005
11/18/18 1:31,103.8,1.055,0.005
11/18/18 1:31,104,1.045,0.006
11/18/18 1:31,104.2,1.042,0.006
11/18/18 1:31,104.4,1.03,0.005
11/18/18 1:31,104.6,1.041,0.005
11/18/18 1:31,104.8,1.016,0.005
11/18/18 1:31,105,1.01,0.006
11/18/18 1:31,105.2,1.01,0.005
11/18/18 1:31,105.4,0.996,0.006
11/18/18 1:31,105.6,0.995,0.007
11/18/18 1:31,105.8,0.981,0.006
11/18/18 1:31,106,0.971,0.006
11/18/18 1:31,106.2,0.966,0.006
11/18/18 1:31,106.4,0.948,0.006
11/18/18 1:31,106.6,0.927,0.006
11/18/18 1:31,106.8,0.932,0.006
11/18/18 1:31,107,0.923,0.006
11/18/18 1:31,107.2,0.902,0.005
11/18/18 1:31,107.4,0.893,0.007
11/18/18 1:31,107.6,0.883,0.006
11/18/18 1:31,107.8,0.869,0.006
11/18/18 1:31,108,0.883,0.007
11/18/18 1:31,108.2,0.872,0.005
11/18/18 1:31,108.4,0.872,0.007
11/18/18 1:31,108.6,0.869,0.005
11/18/18 1:31,108.8,0.853,0.005
11/18/18 1:31,109,0.854,0.007
11/18/18 1:31,109.2,0.859,0.007
11/18/18 1:31,109.4,0.859,0.005
11/18/18 1:31,109.6,0.864,0.005
11/18/18 1:31,109.8,0.873,0.006
11/18/18 1:31,110,0.873,0.005
11/18/18 1:31,110.2,0.856,0.006
11/18/18 1:31,110.4,0.851,0.006
11/18/18 1:31,110.6,0.868,0.006
11/18/18 1:31,110.8,0.874,0.005
11/18/18 1:31,111,0.883,0.005
11/18/18 1:31,111.2,0.889,0.007
11/18/18 1:31,111.4,0.903,0.006
11/18/18 1:31,111.6,0.923,0.007
11/18/18 1:31,111.8,0.935,0.385
11/18/18 1:31,112,0.916,0.385
11/18/18 1:31,112.2,0.908,0.005
11/18/18 1:31,112.4,0.891,0.006
11/18/18 1:31,112.6,0.886,0.007
11/18/18 1:31,112.8,0.881,0.006
11/18/18 1:31,113,0.844,0.006
11/18/18 1:31,113.2,0.806,0.005
11/18/18 1:31,113.4,0.781,0.006
11/18/18 1:31,113.6,0.746,0.007
11/18/18 1:31,113.8,0.762,0.007
11/18/18 1:31,114,0.737,0.005
11/18/18 1:31,114.2,0.717,0.006
11/18/18 1:31,114.4,0.683,0.005
11/18/18 1:31,114.6,0.669,0.005
11/18/18 1:31,114.8,0.649,0.006
11/18/18 1:31,115,0.644,0.005
11/18/18 1:31,115.2,0.619,0.007
11/18/18 1:31,115.4,0.594,0.006
11/18/18 1:31,115.6,0.565,0.006
11/18/18 1:31,115.8,0.54,0.005
11/18/18 1:31,116,0.507,0.005
11/18/18 1:31,116.2,0.487,0.005
11/18/18 1:31,116.4,0.471,0.007
11/18/18 1:31,116.6,0.45,0.005
11/18/18 1:31,116.8,0.463,0.007
11/18/18 1:31,117,0.443,0.005
11/18/18 1:31,117.2,0.43,0.005
11/18/18 1:31,117.4,0.422,0.006
11/18/18 1:31,117.6,0.408,0.005
11/18/18 1:31,117.8,0.396,0.007
11/18/18 1:31,118,0.391,0.005
11/18/18 1:31,118.2,0.394,0.005
11/18/18 1:31,118.4,0.371,0.005
11/18/18 1:31,118.6,0.366,0.007
11/18/18 1:31,118.8,0.35,0.006
11/18/18 1:31,119,0.338,0.005
11/18/18 1:31,119.2,0.326,0.006
11/18/18 1:31,119.4,0.314,0.005
11/18/18 1:31,119.6,0.304,0.006
11/18/18 1:31,119.8,0.295,0.005
11/18/18 1:31,120,0.283,0.007
11/18/18 1:31,120.2,0.283,0.005
11/18/18 1:31,120.4,0.288,0.006
11/18/18 1:31,120.6,0.283,0.006
11/18/18 1:31,120.8,0.267,0.005
11/18/18 1:31,121,0.258,0.006
11/18/18 1:31,121.2,0.249,0.005
11/18/18 1:31,121.4,0.24,0.006
11/18/18 1:31,121.6,0.244,0.006
11/18/18 1:31,121.8,0.251,0.385
11/18/18 1:31,122,0.243,0.006
11/18/18 1:31,122.2,0.23,0.005
11/18/18 1:31,122.4,0.216,0.005
11/18/18 1:31,122.6,0.216,0.006
11/18/18 1:31,122.8,0.211,0.005
11/18/18 1:31,123,0.219,0.006
11/18/18 1:31,123.2,0.219,0.005
11/18/18 1:31,123.4,0.223,0.005
11/18/18 1:31,123.6,0.209,0.005
11/18/18 1:31,123.8,0.202,0.005
11/18/18 1:31,124,0.204,0.005
11/18/18 1:31,124.2,0.199,0.005
11/18/18 1:31,124.4,0.193,0.007
11/18/18 1:31,124.6,0.204,0.005
11/18/18 1:31,124.8,0.207,0.005
11/18/18 1:31,125,0.205,0.005
11/18/18 1:31,125.2,0.19,0.005
11/18/18 1:31,125.4,0.195,0.005
11/18/18 1:31,125.6,0.186,0.005
11/18/18 1:31,125.8,0.2,0.005
11/18/18 1:31,126,0.195,0.005
11/18/18 1:31,126.2,0.197,0.005
11/18/18 1:31,126.4,0.185,0.005
11/18/18 1:31,126.6,0.185,0.006
11/18/18 1:31,126.8,0.179,0.005
11/18/18 1:31,127,0.172,0.005
11/18/18 1:31,127.2,0.179,0.006
11/18/18 1:31,127.4,0.174,0.005
11/18/18 1:31,127.6,0.174,0.005
11/18/18 1:31,127.8,0.186,0.006
11/18/18 1:31,128,0.189,0.006
11/18/18 1:31,128.2,0.176,0.005
11/18/18 1:31,128.4,0.17,0.006
11/18/18 1:31,128.6,0.173,0.005
11/18/18 1:31,128.8,0.17,0.006
11/18/18 1:31,129,0.166,0.005
11/18/18 1:31,129.2,0.166,0.005
11/18/18 1:31,129.4,0.169,0.005
11/18/18 1:31,129.6,0.177,0.005
11/18/18 1:31,129.8,0.178,0.005
11/18/18 1:31,130,0.168,0.005
11/18/18 1:31,130.2,0.162,0.005
11/18/18 1:31,130.4,0.158,0.005
11/18/18 1:31,130.6,0.161,0.006
11/18/18 1:31,130.8,0.155,0.007
11/18/18 1:31,131,0.151,0.005
11/18/18 1:31,131.2,0.148,0.005
11/18/18 1:31,131.4,0.15,0.005
11/18/18 1:31,131.6,0.157,0.005
11/18/18 1:31,131.8,0.148,0.005
11/18/18 1:31,132,0.155,0.385
11/18/18 1:31,132.2,0.157,0.005
11/18/18 1:31,132.4,0.149,0.005
11/18/18 1:31,132.6,0.166,0.005
11/18/18 1:31,132.8,0.164,0.004
11/18/18 1:31,133,0.161,0.005
11/18/18 1:31,133.2,0.166,0.004
11/18/18 1:31,133.4,0.173,0.005
11/18/18 1:31,133.6,0.161,0.005
11/18/18 1:31,133.8,0.148,0.007
11/18/18 1:31,134,0.145,0.006
11/18/18 1:31,134.2,0.132,0.005
11/18/18 1:31,134.4,0.146,0.004
11/18/18 1:31,134.6,0.143,0.005
11/18/18 1:31,134.8,0.128,0.006
11/18/18 1:31,135,0.13,0.006
11/18/18 1:31,135.2,0.127,0.005
11/18/18 1:31,135.4,0.135,0.005
11/18/18 1:31,135.6,0.137,0.005
11/18/18 1:31,135.8,0.145,0.005
11/18/18 1:31,136,0.153,0.005
11/18/18 1:31,136.2,0.157,0.005
11/18/18 1:31,136.4,0.163,0.005
11/18/18 1:31,136.6,0.148,0.005
11/18/18 1:31,136.8,0.139,0.005
11/18/18 1:32,137,0.142,0.005
11/18/18 1:32,137.2,0.143,0.005
11/18/18 1:32,137.4,0.151,0.005
11/18/18 1:32,137.6,0.15,0.005
11/18/18 1:32,137.8,0.145,0.005
11/18/18 1:32,138,0.145,0.005
11/18/18 1:32,138.2,0.152,0.005
11/18/18 1:32,138.4,0.156,0.005
11/18/18 1:32,138.6,0.161,0.005
11/18/18 1:32,138.8,0.156,0.005
11/18/18 1:32,139,0.166,0.005
11/18/18 1:32,139.2,0.166,0.005
11/18/18 1:32,139.4,0.148,0.005
11/18/18 1:32,139.6,0.148,0.005
11/18/18 1:32,139.8,0.15,0.005
11/18/18 1:32,140,0.156,0.005
11/18/18 1:32,140.2,0.157,0.005
11/18/18 1:32,140.4,0.15,0.005
11/18/18 1:32,140.6,0.146,0.004
11/18/18 1:32,140.8,0.15,0.005
11/18/18 1:32,141,0.16,0.005
11/18/18 1:32,141.2,0.146,0.004
11/18/18 1:32,141.4,0.15,0.005
11/18/18 1:32,141.6,0.148,0.005
11/18/18 1:32,141.8,0.15,0.005
11/18/18 1:32,142,0.149,0.385
11/18/18 1:32,142.2,0.156,0.005
11/18/18 1:32,142.4,0.151,0.005
11/18/18 1:32,142.6,0.148,0.004
11/18/18 1:32,142.8,0.15,0.005
11/18/18 1:32,143,0.156,0.004
11/18/18 1:32,143.2,0.156,0.005
11/18/18 1:32,143.4,0.146,0.005
11/18/18 1:32,143.6,0.142,0.005
11/18/18 1:32,143.8,0.143,0.005
11/18/18 1:32,144,0.161,0.005
11/18/18 1:32,144.2,0.158,0.005
11/18/18 1:32,144.4,0.155,0.005
11/18/18 1:32,144.6,0.15,0.005
11/18/18 1:32,144.8,0.148,0.005
11/18/18 1:32,145,0.149,0.004
11/18/18 1:32,145.2,0.156,0.005
11/18/18 1:32,145.4,0.169,0.004
11/18/18 1:32,145.6,0.164,0.005
11/18/18 1:32,145.8,0.161,0.005
11/18/18 1:32,146,0.15,0.005
11/18/18 1:32,146.2,0.148,0.005
11/18/18 1:32,146.4,0.139,0.005
11/18/18 1:32,146.6,0.135,0.005
11/18/18 1:32,146.8,0.137,0.005
11/18/18 1:32,147,0.137,0.005
11/18/18 1:32,147.2,0.13,0.004
11/18/18 1:32,147.4,0.137,0.005
11/18/18 1:32,147.6,0.131,0.005
11/18/18 1:32,147.8,0.156,0.005
11/18/18 1:32,148,0.168,0.004
11/18/18 1:32,148.2,0.168,0.005
11/18/18 1:32,148.4,0.165,0.005
11/18/18 1:32,148.6,0.172,0.005
11/18/18 1:32,148.8,0.172,0.005
11/18/18 1:32,149,0.179,0.006
11/18/18 1:32,149.2,0.178,0.004
11/18/18 1:32,149.4,0.18,0.005
11/18/18 1:32,149.6,0.183,0.004
11/18/18 1:32,149.8,0.175,0.005
11/18/18 1:32,150,0.174,0.005
11/18/18 1:32,150.2,0.161,0.005
11/18/18 1:32,150.4,0.163,0.004
11/18/18 1:32,150.6,0.156,0.005
11/18/18 1:32,150.8,0.155,0.005
11/18/18 1:32,151,0.145,0.005
11/18/18 1:32,151.2,0.15,0.005
11/18/18 1:32,151.4,0.167,0.005
11/18/18 1:32,151.6,0.168,0.005
11/18/18 1:32,151.8,0.165,0.005
11/18/18 1:32,152,0.166,0.385
11/18/18 1:32,152.2,0.168,0.385
11/18/18 1:32,152.4,0.168,0.004
11/18/18 1:32,152.6,0.164,0.005
11/18/18 1:32,152.8,0.156,0.004
11/18/18 1:32,153,0.148,0.005
11/18/18 1:32,153.2,0.159,0.004
11/18/18 1:32,153.4,0.158,0.006
11/18/18 1:32,153.6,0.143,0.005
11/18/18 1:32,153.8,0.146,0.005
11/18/18 1:32,154,0.151,0.005
11/18/18 1:32,154.2,0.148,0.005
11/18/18 1:32,154.4,0.148,0.005
11/18/18 1:32,154.6,0.156,0.004
11/18/18 1:32,154.8,0.156,0.005